Наименование;Запрос;URL источника;Cloudinary URL;Статус
Акконд вес. конфеты Муррлинка со вкусом клубники и сливок 1/3;Акконд конфеты Муррлинка клубника сливки;https://mail.ivicakormilica.ru/storage/products/tov18a5cda0-b9b6-11ee-7f89-4cedfb917a26.jpg;https://res.cloudinary.com/dwcghxgwh/image/upload/v1780946174/auto/akkond-murrlinka-klubnika-slivki.jpg;привязан
Акконд вес. конфеты Молочная речка Арбузные берега 1/4;Акконд конфеты Молочная речка Арбузные берега;https://tkleg.com/img/product/big_73447a20-ca52-11ee-95ba-000c29625974.jpg;;пропущен: чистое фото 1000x461 (мин.сторона<500), остальные - баннеры с текстом
Акконд вес. конфеты Молочная речка Вишнёвые берега 1/4;Акконд конфеты Молочная речка Вишнёвые берега;https://akkond.ru/upload/iblock/cf2/8a4lo1xn9at3uzpun72sfxvmo12induj.png;https://res.cloudinary.com/dwcghxgwh/image/upload/v1780949155/auto/akkond-mol-rechka-vishnya.webp;привязан
Акконд вес. конфеты Молочная речка Клубничные берега 1/4;Акконд Молочная речка Клубничные берега;https://akkond-online.ru/upload/iblock/8ca/hv0qj8xgfvn2s99vuj72nf1xq45eqnjo.png;https://res.cloudinary.com/dwcghxgwh/image/upload/v1780949213/auto/akkond-mol-rechka-klubnika.webp;привязан
Акконд вес. конфеты желейные ФРУ 7 со вкусом Дыни 1/3;Акконд конфеты желейные ФРУ 7 дыня;https://basket-25.wbbasket.ru/vol4459/part445937/445937673/images/big/1.webp;;пропущен: чистые фото - карамель ФРУ7 (др. продукт), желейная версия только баннер с текстом
Акконд вес. конфеты Молочная речка Вишнёвые берега 1/4;Акконд конфеты Молочная речка Вишнёвые берега;https://akkond.ru/upload/iblock/cf2/8a4lo1xn9at3uzpun72sfxvmo12induj.png;https://res.cloudinary.com/dwcghxgwh/image/upload/v1780949155/auto/akkond-mol-rechka-vishnya.webp;привязан
Акконд вес. конфеты желейные УМИ со вкусом Манго 1/3;Акконд конфеты желейные УМИ манго;https://basket-26.wbbasket.ru/vol4745/part474550/474550653/images/big/1.webp;https://res.cloudinary.com/dwcghxgwh/image/upload/v1780946549/auto/akkond-umi-mango.webp;привязан
Акконд вес. конфеты МНЕ БЕЗ САХАРА молочные вафли 1/3;Акконд МНЕ БЕЗ САХАРА молочные вафли;https://image.globus.ru/web/93/00/4149300.jpg;https://res.cloudinary.com/dwcghxgwh/image/upload/v1780949454/auto/akkond-mbs-moloko-g.jpg;привязан
Акконд вес. конфеты МНЕ БЕЗ САХАРА с какао вафли 1/3;Акконд Мне без сахара с какао вафли;https://main-cdn.sbermegamarket.ru/big2/hlr-system/-85/796/133/210/161/035/600022372496b1.png;https://res.cloudinary.com/dwcghxgwh/image/upload/v1780949519/auto/akkond-mbs-kakao.png;привязан
Акконд вес. конфеты вафли Аккондовские с халвой 1/4;Акконд вафли Аккондовские с халвой;https://akkond-nn.ru/image/cache/catalog/vafli/stopl.mol.-950x950.jpg;https://res.cloudinary.com/dwcghxgwh/image/upload/v1780946724/auto/akkond-vafli-halva.jpg;привязан
Акконд вес. вафли На сорбите 1/4;Акконд вафли на сорбите без сахара;;;пропущен: не найдено чёткое фото именно вафель На сорбите (выдача - Мне без сахара/др. бренды)
Акконд печ. фас. Аккондовское со сливочным вкусом 285г/12;Акконд печенье Аккондовское со сливочным вкусом 285г;https://akkond.ru/upload/iblock/211/n7kg2pbt6nlluydglpmnhbl9p4pptgf3.png;https://res.cloudinary.com/dwcghxgwh/image/upload/v1780949677/auto/akkond-pech-akkondovskoe-slivki.webp;привязан
Акконд печ. вес. Карамелизированное 1/4;Акконд печенье Карамелизированное;https://akkond-online.ru/upload/iblock/3d7/5qj3nja2jrfd116iedk4ht3jue8bh80q.png;https://res.cloudinary.com/dwcghxgwh/image/upload/v1780949719/auto/akkond-pech-karamelizirovannoe.webp;привязан
Акконд печ. фас. Мария 200г/16;Акконд печенье Мария 200г;https://mozaikashop.cz/wp-content/uploads/2021/01/pechenie-maria-akkond-200g.jpg;https://res.cloudinary.com/dwcghxgwh/image/upload/v1780949779/auto/akkond-pech-mariya2.jpg;привязан
Акконд печ. вес. Вёрсты мини 1/5;Акконд печенье Вёрсты мини;https://akkond-online.ru/upload/iblock/df4/npykfivm4p2xtyi3fhx47iiexc8bh172.png;https://res.cloudinary.com/dwcghxgwh/image/upload/v1780949820/auto/akkond-pech-versty-mini.webp;привязан
Акконд крекер фас. Крекерсы картофельный оригинальный 150г/8;Акконд Крекерсы картофельный оригинальный 150г;https://ir.ozone.ru/s3/multimedia-d/6576737905.jpg;https://res.cloudinary.com/dwcghxgwh/image/upload/v1780949882/auto/akkond-krekersy-kartofel.jpg;привязан
Акконд крекер фас. Крекерсы со вкус.сметаны и зелени 180г/8;Акконд Крекерсы со вкусом сметаны и зелени 180г;https://s3.ibta.ru/goods/624107/867ca67b5225454dc501f2b677db1efb_xl.jpg;https://res.cloudinary.com/dwcghxgwh/image/upload/v1780947165/auto/akkond-krekersy-smetana-zelen.jpg;привязан
Акконд крекер фас. Крекерсы с солью 180г/8;Акконд Крекерсы с солью 180г;https://s3.ibta.ru/goods/624105/d7eaae9c1130de077f880ae8eaa12197_xl.jpg;https://res.cloudinary.com/dwcghxgwh/image/upload/v1780947223/auto/akkond-krekersy-sol.jpg;привязан
Акконд крекер фас. Мистер рыбка 300г/11;Акконд крекер Мистер рыбка;https://main-cdn.sbermegamarket.ru/big1/hlr-system/-17/749/099/041/221/024/100063940616b0.jpg;https://res.cloudinary.com/dwcghxgwh/image/upload/v1780947279/auto/akkond-mister-rybka.jpg;привязан
Акконд крекер фас. Мистер рыбка 90г/14;Акконд крекер Мистер рыбка;https://main-cdn.sbermegamarket.ru/big1/hlr-system/-17/749/099/041/221/024/100063940616b0.jpg;https://res.cloudinary.com/dwcghxgwh/image/upload/v1780947279/auto/akkond-mister-rybka.jpg;привязан (та же фотография, что 300г)
Акконд крекер вес. Русалочкин хоровод 1/5;Акконд крекер Русалочкин хоровод;https://apteka-info.ru/upload/iblock/7a0/97u8yujsnjx8oy2l2g8hgdgyfph40ujk.jpg;https://res.cloudinary.com/dwcghxgwh/image/upload/v1780950136/auto/akkond-rusalochkin.jpg;привязан
Акконд крекер вес. Калейдоскоп улыбок 1/5;Акконд крекер Калейдоскоп улыбок;https://ir-torg.com/d/koleydoskop_ulybok.png;https://res.cloudinary.com/dwcghxgwh/image/upload/v1780950187/auto/akkond-kaleidoskop2.png;привязан
Акконд крекер фас. Полька со вкусом ЛУКА и УКРОПА 300г/10;Акконд крекер Полька со вкусом лука и укропа;https://ir.ozone.ru/s3/multimedia-4/6757083832.jpg;https://res.cloudinary.com/dwcghxgwh/image/upload/v1780950247/auto/akkond-polka-luk-ukrop.jpg;привязан
Акконд крекер фас. Полька со вкусом СМЕТАНЫ и ЛУКА 300г/10;Акконд крекер Полька со вкусом сметаны и лука;https://ir.ozone.ru/s3/multimedia-3/6757085451.jpg;https://res.cloudinary.com/dwcghxgwh/image/upload/v1780950311/auto/akkond-polka-smetana-luk.jpg;привязан
Акконд крекер вес. с солью мини 1/4;Акконд крекер с солью мини весовой;https://skonditer.ru/image/cache/catalog/krek-s-sol-yu-mini-so-vkusom-kolbaski-gril-4-0-aoquotakkondquot/8f551c4c-3424-11ed-9752-74d02b9971bb-500x500.jpeg;https://res.cloudinary.com/dwcghxgwh/image/upload/v1780950364/auto/akkond-sol-mini.jpg;привязан
Акконд крекер вес. АККОНДОВСКИЙ с солью со вкусом сметаны и лука 1/3;Акконд крекер Аккондовский мини сметаны и лука с солью;https://app.willesden.by/images/2982510.jpg;https://res.cloudinary.com/dwcghxgwh/image/upload/v1780950413/auto/akkond-akkondovsky-smetana-luk.jpg;привязан
Акконд вафли фас. ПломбирОк 250г/8;Акконд вафли ПломбирОк 250г;https://ir.ozone.ru/s3/multimedia-e/6778111766.jpg;https://res.cloudinary.com/dwcghxgwh/image/upload/v1780978493/auto/akkond-plombirok.jpg;привязан
Акконд вафли фас. Хуторок 250г/6;Акконд вафли Хуторок 250г;https://main-cdn.sbermegamarket.ru/hlr-system/-63/377/700/178/221/600003180379b0.jpg;https://res.cloudinary.com/dwcghxgwh/image/upload/v1780978598/auto/akkond-hutorok.jpg;привязан
Акконд вес. карамель Вита+Мини Мята-Ментол 1/4кг;Акконд карамель Вита+Мини мята-ментол;https://ir.ozone.ru/s3/multimedia-1-4/7749426424.jpg;https://res.cloudinary.com/dwcghxgwh/image/upload/v1780978704/auto/akkond-vita-mini-myata.jpg;привязан
Акконд вес. карамель жевательная Капелька ассорти 1/5;Акконд карамель жевательная Капелька микс ассорти;https://akkond-online.ru/upload/iblock/a8f/jbocxxi7sgl6hpjvv31ab8km4rhdw0eg.png;https://res.cloudinary.com/dwcghxgwh/image/upload/v1780978777/auto/akkond-kapelka-assorti.webp;привязан
Акконд вес. карамель жевательная Капелька со вкусом апельсина 1/5;Акконд карамель жевательная Капелька апельсин;https://basket-40.wbbasket.ru/vol9249/part924985/924985543/images/big/1.webp;https://res.cloudinary.com/dwcghxgwh/image/upload/v1780978851/auto/akkond-kapelka-apelsin.webp;привязан
Акконд вес. конфеты желейные ФРУ 7 со вкусом Дыни 1/3;Акконд ФРУ 7 со вкусом дыни;;;пропущен (только баннеры/карамель-форма)
Акконд вес. вафли На сорбите 1/4;Акконд вафли на сорбите;;;пропущен (нет точного товара Акконд)
Акконд вес. карамель жевательная Капелька со вкусом клубники 1/5;Акконд карамель Капелька клубника;https://ir.ozone.ru/s3/multimedia-1-6/9608423154.jpg;https://res.cloudinary.com/dwcghxgwh/image/upload/v1780980230/auto/kapelka_klubnika.jpg;привязан
Акконд вес. карамель Ликёрная 1/4;Акконд карамель Ликёрная;https://ir.ozone.ru/s3/multimedia-1-2/6998144582.jpg;https://res.cloudinary.com/dwcghxgwh/image/upload/v1780980327/auto/likernaya.jpg;привязан
Акконд вес. карамель Ликёрная микс 1/4;Акконд карамель Ликёрная микс;;;пропущен (только баннеры)
Акконд вес. карамель Рози Блюз COFFEE 1/4;Акконд карамель Рози Блюз COFFEE;https://sladosti38.ru/...coffee.webp;https://res.cloudinary.com/dwcghxgwh/image/upload/v1780980441/auto/rozi_blyuz_coffee.webp;привязан
Акконд вес. карамель Рози Блюз MILK 1/4;Акконд карамель Рози Блюз MILK;https://basket-20.wbbasket.ru/vol3424/part342428/342428304/images/big/1.webp;https://res.cloudinary.com/dwcghxgwh/image/upload/v1780980445/auto/rozi_blyuz_milk.webp;привязан
Акконд вес. карамель Рози Блюз со вкусом Малины и Сливок 1/4;Акконд карамель Рози Блюз малина сливки;https://skonditer.ru/...maliny-i-slivok...1000x1000.jpeg;https://res.cloudinary.com/dwcghxgwh/image/upload/v1780980449/auto/rozi_blyuz_malina.jpg;привязан
Акконд вес. карамель Рози Блюз дюшес 1/4;Акконд рози блюз дюшес;;;пропущен (только баннеры)
Акконд вес. карамель Рози Блюз Кола 1/4;Акконд рози блюз кола;;;пропущен (только баннеры)
Акконд вес. карамель Эвкалипт-Ментол 1/5 + перекрут;Акконд карамель Эвкалипт-Ментол перекрут;https://basket-17.wbbasket.ru/vol2727/part272755/272755167/images/big/1.webp;https://res.cloudinary.com/dwcghxgwh/image/upload/v1780980667/auto/evkalipt_mentol_perekrut.webp;привязан
Акконд вес. карамель Эвкалипт-Ментол 1/4 + (флоу-пак);Акконд карамель Эвкалипт-Ментол флоу-пак;;;пропущен (форма упаковки не отличима на фото)
Акконд вес. карамель Эвкалипт-Ментол 1/5 экстра;Акконд карамель Эвкалипт-Ментол экстра;;;пропущен (вариант не отличим на фото)
Акконд вес. карамель Эвкалипт-Имбирь 1/5;Акконд карамель Эвкалипт-Имбирь;;;пропущен (только баннеры/коллажи)
Акконд вес. конфеты Батончик Акконд 1/4;Акконд конфеты Батончик Акконд;https://basket-14.wbbasket.ru/vol2172/part217281/217281265/images/big/1.webp;https://res.cloudinary.com/dwcghxgwh/image/upload/v1780980844/auto/batonchik_akkond.webp;привязан
Акконд вес. конфеты Бравер с шоколадной начинкой 1/6;Акконд конфеты Бравер шоколадная начинка;https://akkond.ru/upload/...8ogm424dzhbdxmwo51mir62x70dwhj31.png.webp;https://res.cloudinary.com/dwcghxgwh/image/upload/v1780980948/auto/braver_shokoladnaya.webp;привязан (офиц. akkond.ru)
Акконд вес. конфеты Бравер с ореховой начинкой 1/6;БРАВЕР с ореховой начинкой;https://tkleg.com/img/product/big_38920928-9379-11f0-95c8-000c29625974.jpg;https://res.cloudinary.com/dwcghxgwh/image/upload/v1780981043/auto/braver_orehovaya.jpg;привязан
Акконд вес. конфеты Бравер с кофейной начинкой 1/6;БРАВЕР с кофейной начинкой;https://main-cdn.sbermegamarket.ru/big1/hlr-system/-28/318/729/910/281/051/100074807420b0.jpg;https://res.cloudinary.com/dwcghxgwh/image/upload/v1780981046/auto/braver_kofeynaya.jpg;привязан
Акконд вес. конфеты Ломтишка Клубника десерт 1/2 УПК;Акконд Ломтишка Клубника десерт;;;"пропущен (чистое фото — не тот вкус; клубника только баннером)"
Акконд вес. конфеты Молочная речка горячий шоколад в глазури 1/3;Акконд Молочная речка горячий шоколад;;;"пропущен (чистое фото — карамель-вариант; нужный вариант только баннером)"
Акконд вес. конфеты Нямик молочные 1/4кг;Акконд конфеты Нямик молочные;https://akkond.ru/upload/...fso17ix46tnzhafo4rcbom7xbd0ta9e3.png.webp;https://res.cloudinary.com/dwcghxgwh/image/upload/v1780981295/auto/nyamik_molochnye.webp;привязан (офиц. akkond.ru)
Акконд вес. конфеты Отломи с кокосом 1/2кг УПК;Акконд конфеты Отломи с кокосом;https://p24.by/upload/iblock/37e/qy0maytybmymoj217h8rfmnexjyjebp5/1_14600648592153.jpg;https://res.cloudinary.com/dwcghxgwh/image/upload/v1780981398/auto/otlomi_kokos.jpg;привязан
Акконд вес. конфеты Слимо хрустящие с миндалём 1/4;Акконд конфеты Слимо с миндалем;;;пропущен (только баннеры/иной формат Квадро)
Акконд вес. конфеты Слимо Стик с арахисом 1/3;Акконд Слимо Стик с арахисом;https://tyumen.tkleg.com/img/product/big_cf3bd294-bf82-11f0-95cc-000c29625974.jpg;https://res.cloudinary.com/dwcghxgwh/image/upload/v1780981544/auto/slimo_stick_arahis.jpg;привязан
Акконд вес. конфеты Шоконатка 1/4;Акконд конфеты Шоконатка с арахисом;https://basket-12.wbbasket.ru/vol1811/part181110/181110369/images/big/1.webp;https://res.cloudinary.com/dwcghxgwh/image/upload/v1780981622/auto/shokonatka.webp;привязан
Акконд вес. конфеты желейные ФРУ 7 со вкусом Дыни 1/3;Акконд конфеты желейные ФРУ 7 Дыня;yandex.ru/images;;"пропущен: отдельной упаковки вкуса ""Дыня"" нет, в выдаче только ассорти/арбуз/дюшес"
Акконд вес. вафли На сорбите 1/4;Акконд вафли без сахара на сорбите;image.globus.ru/web/93/00/4149300.jpg;https://res.cloudinary.com/dwcghxgwh/image/upload/v1780987111/auto/akkond-vafli-sorbit.jpg;привязан
Акконд вес. карамель Ликёрная микс 1/4;Акконд карамель Ликёрная микс;akkond.ru (ЛИКЁРНАЯ микс, 1 кг);https://res.cloudinary.com/dwcghxgwh/image/upload/auto/akkond-likernaya-miks.jpg;привязан
Акконд вес. карамель Рози Блюз дюшес 1/4;Рози Блюз дюшес (akkond.ru);puddostavka.ru РОЗИ БЛЮЗ дюшес 1кг;https://res.cloudinary.com/dwcghxgwh/image/upload/auto/akkond-rozi-blues-dushes.jpg;привязан
Акконд вес. карамель Рози Блюз Кола 1/4;Карамель Рози Блюз Кола Акконд;yandex.ru/images;;"пропущен: только баннеры WB/Ozon с текстом и плашкой ""1 кг""; чистого фото вкуса ""кола"" не нашлось"
Акконд вес. карамель Эвкалипт-Имбирь 1/5;Акконд карамель Эвкалипт Имбирь;yandex.ru/images;;"пропущен: все источники (WB/Ozon/ime.by) — баннеры с текстом ""1 кг"", чистого фото упаковки нет"
Акконд вес. карамель Эвкалипт-Ментол 1/4 + (флоу-пак);Акконд карамель Эвкалипт Ментол;image.globus.ru/web/38/18/2603818.jpg (пакет 150г);https://res.cloudinary.com/dwcghxgwh/image/upload/auto/akkond-evkalipt-mentol.jpg;привязан
Акконд вес. карамель Эвкалипт-Ментол 1/5 экстра;Акконд карамель Эвкалипт Ментол;Яндекс mpic (Лента, конфеты);https://res.cloudinary.com/dwcghxgwh/image/upload/auto/akkond-evkalipt-mentol-ekstra.jpg;привязан
Акконд вес. конфеты Ломтишка Клубника десерт 1/2 УПК;Акконд конфеты Ломтишка Клубника;Ozon (Ломтишка клубника, чистое фото);https://res.cloudinary.com/dwcghxgwh/image/upload/auto/akkond-lomtishka-klubnika.jpg;привязан
Акконд вес. конфеты Молочная речка горячий шоколад в глазури 1/3;Акконд Молочная речка горячий шоколад;novostea.ru (Молочная речка горячий шоколад);https://res.cloudinary.com/dwcghxgwh/image/upload/auto/akkond-molochnaya-rechka-goryachiy.jpg;привязан
Акконд вес. конфеты Слимо хрустящие с миндалём 1/4;Акконд конфеты Слимо хрустящие миндаль;akond70.ru (Слимо хрустящие с миндалём);https://res.cloudinary.com/dwcghxgwh/image/upload/auto/akkond-slimo-mindal.jpg;привязан
Акконд крекер вес. АККОНДОВСКИЙ ФИТСИ 1/5;Аккондовский Фитси крекер;yandex.ru/images;;"пропущен: в выдаче только злаковые конфеты-батончики ""Фитси"", а не крекер; достоверного фото крекера нет"
Акконд Крекер с солью 190г/20;Акконд Крекер с солью 190г;WB (Крекер Акконд с солью 190г);https://res.cloudinary.com/dwcghxgwh/image/upload/auto/akkond-kreker-sol.jpg;привязан
Акконд крекер фас. Крекерсы со вкус. Итальян. сыра 180г/8;Акконд Крекерсы итальянский сыр;bigmart.uz (Крекерсы итальянский сыр 180г);https://res.cloudinary.com/dwcghxgwh/image/upload/auto/akkond-krekersy-italyan-syr.jpg;привязан
Акконд печ. вес. АККОНДОВСКОЕ Мария 1/3.5;Акконд печенье Аккондовское Мария;akond70.ru (Мария без обёртки, весовое);https://res.cloudinary.com/dwcghxgwh/image/upload/auto/akkond-pech-mariya2.jpg;привязан
Акконд печ. вес. Вёрсты Аккондовские 1/5;Акконд печенье Вёрсты Аккондовские;skorus.ru (Вёрсты затяжное, весовое);https://res.cloudinary.com/dwcghxgwh/image/upload/auto/akkond-pech-versty.jpg;привязан
Акконд печ. вес. Галеты классические 1/4;Акконд печенье Галеты классические;sbermegamarket (Галеты классические, чистое фото);https://res.cloudinary.com/dwcghxgwh/image/upload/auto/akkond-galety-klass.jpg;привязан
Акконд печ. вес. Добрянка фундук печенье-сэндвич 1/3;Акконд Добрянка фундук печенье;votonia.ru (Добрянка фундук печенье-сэндвич);https://res.cloudinary.com/dwcghxgwh/image/upload/auto/akkond-dobryanka-funduk.jpg;привязан
Драже М&М's арахис 360г/14;M&M's арахис 360г пачка;https://static.onlinetrade.ru/img/users_images/127103/b/shokoladnye_konfety_m_amp_m_s_arakhisom_360g_1513595560_4.JPG;https://res.cloudinary.com/dwcghxgwh/image/upload/v1780989418/auto/mm_arahis_360.jpg;привязан
Драже М&М's арахис 80г/28;M&M's с арахисом 80г пачка;https://content.img-gorod.ru/pim/products/images/09/d3/018fd0cb-1969-7d5e-9a8e-c71a710b09d3.jpg;https://res.cloudinary.com/dwcghxgwh/image/upload/v1780989458/auto/mm_arahis_80.jpg;привязан
Драже М&М's шоколад 80г/28;M&M's шоколад молочный 80г пачка;https://content.img-gorod.ru/pim/products/images/11/08/018fd0cb-1580-76b3-89d7-630c840e1108.jpg;https://res.cloudinary.com/dwcghxgwh/image/upload/v1780989496/auto/mm_shokolad_80.jpg;привязан
Добрый 1л/12 Мультифрукт;сок Добрый Мультифрукт 1л пакет;https://ir.ozone.ru/s3/multimedia-1-7/8155059451.jpg;https://res.cloudinary.com/dwcghxgwh/image/upload/v1780989560/auto/dobry_multifrukt.jpg;привязан
Добрый 1л/12 Персик;Добрый Персик яблоко сок 1 литр пакет;https://ir.ozone.ru/s3/multimedia-1-g/8155059568.jpg;https://res.cloudinary.com/dwcghxgwh/image/upload/v1780989672/auto/dobry_persik.jpg;привязан
Батончик Бабаевский Помадно-сливочная начинка  50г/20шт (6);Батончик Бабаевский помадно-сливочная начинка 50г;https://ir.ozone.ru/s3/multimedia-1-9/7658232741.jpg;https://res.cloudinary.com/dwcghxgwh/image/upload/v1780989732/auto/babaevsky_pomadno.jpg;привязан
"Арахис соленый  ""Джинн"" 130г/24 банка";Арахис соленый Джинн 130г банка;https://image.globus.ru/web/19/66/4251966.jpg;https://res.cloudinary.com/dwcghxgwh/image/upload/v1780989799/auto/dzhinn_arahis_130.jpg;привязан
"Арахис соленый  ""Джинн"" 130г/24 банка Ж/б";Арахис соленый Джинн 130г банка жестяная;https://image.globus.ru/web/19/66/4251966.jpg;https://res.cloudinary.com/dwcghxgwh/image/upload/v1780989799/auto/dzhinn_arahis_130.jpg;привязан (та же ж/б банка)
"Арахис соленый  ""Караван орехов"" 40г/50";Арахис Караван орехов солёный;https://ir.ozone.ru/s3/multimedia-1-g/7470261556.jpg;https://res.cloudinary.com/dwcghxgwh/image/upload/v1780989838/auto/karavan_orehov_arahis.jpg;привязан (фото 90г, тот же товар)
"Арахис соленый  ""Караван орехов"" 90г/22";Арахис соленый Караван орехов 90г;https://ir.ozone.ru/s3/multimedia-1-g/7470261556.jpg;https://res.cloudinary.com/dwcghxgwh/image/upload/v1780989838/auto/karavan_orehov_arahis.jpg;привязан
Гренкино Стак. 50г/32 Анчоус;Гренкино стакан сухарики Анчоус 50г;yandex.ru/images;;пропущен: вкус Анчоус только баннерами/дуэт-фото, чистого одиночного стакана нет
Гренкино Стак. 50г/32 Кальмар паутинка;Гренкино стакан Кальмар паутинка;yandex.ru/images;;пропущен: только баннеры/дуэт-фото
Гренкино Стак. 50г/32 Кальмар стружка;Гренкино стакан Кальмар стружка;yandex.ru/images;;пропущен: только баннеры/дуэт-фото
Гренкино Стак. 50г/32 Кальмар стружка со вкусом краба;Гренкино Кальмар стружка краб;yandex.ru/images;;пропущен: только баннеры/дуэт-фото
"Гренкино Стак. 90г/32 Арахис в глазури ""4 сыра""";Гренкино арахис в глазури 4 сыра стакан;yandex.ru/images;;пропущен: чистого фото именно стакана Гренкино нет (дженерик/баннеры)
"Гренкино Стак. 90г/32 Арахис в глазури ""Васаби""";Гренкино арахис в глазури васаби стакан 90г;yandex.ru/images;;пропущен: выдача - дженерик-арахис васаби, не стакан Гренкино
"Гренкино Стак. 90г/32 Арахис в глазури ""Микс""";Гренкино арахис в глазури микс стакан;yandex.ru/images;;пропущен: чистого фото стакана Гренкино нет
Дет. Десерт желейный Желе Фрукты ассорти 35мл./56 (6);желе фрукты ассорти 35мл стаканчик детское;;;пропущен: дженерик-желе без узнаваемого бренда, риск несоответствия
Дет. Драже Букашки 2г/100 (24);драже Букашки конфеты 2г;https://www.candystor.ru/upload/iblock/ad9/avzhhsjlw3zr3nzsbgsiaaxpx64ly6ry/kt95007_bukashki_drazhe_s_mol_nach_2g100sht24blkonfitoj.jpg;https://res.cloudinary.com/dwcghxgwh/image/upload/v1780990239/auto/drazhe_bukashki.jpg;привязан
Дет. Жевательная резинка Крейзи ролл Тату 12г/24 (24);жевательная резинка Крейзи ролл Тату 12г;;;пропущен: чистого фото именно Крейзи ролл Тату нет, выдача неоднозначна
Дет. Желе Револьвер 82г/24 (6);желе Револьвер конфета 82г пистолет;;;пропущен: выдача - спрей-напиток в пистолете (XXL), не желе Револьвер 82г
Дет. Кар. Соска-зубастик 3.5г/30 (24);карамель Соска Зубастик зубы вампира;https://ir.ozone.ru/s3/multimedia-1-g/7107640360.jpg;;пропущен: только баннер с текстом (Соска вампира DT), название/упаковка не совпадают точно
"Дет. Мармелад ""Pizza"" 16гр/36 (12)";жевательный мармелад Пицца Pizza 16г;https://ir-3.ozone.ru/s3/multimedia-1-t/w1200/7291978697.jpg;https://res.cloudinary.com/dwcghxgwh/image/upload/v1780990016/auto/marmelad_pizza.jpg;привязан
Дет. Мармелад Белтс Дамла Флаг РФ 15гр/72 (6);мармелад Дамла Белтс Damla Sour Belts Флаг России 15г;https://goods-photos.static1-sima-land.com/items/7922903/2/1600.jpg;https://res.cloudinary.com/dwcghxgwh/image/upload/v1780990147/auto/damla_belts_flag_rf.jpg;привязан
"Дет. Мармелад Канди клаб  Хот-дог"" 18г/36";Candy Club Канди клаб мармелад Хот-дог 18г;;;пропущен: выдача - Crazy Gummy Big Hot Dog (др. бренд), фото именно Канди клаб нет
Акконд вес. конфеты желейные ФРУ 7 со вкусом Дыни 1/3;Акконд конфеты желейные ФРУ 7 дыня;;;пропущен: отдельной упаковки вкуса Дыня нет, только баннеры/ассорти (как в прошлых партиях)
Акконд вес. карамель Рози Блюз Кола 1/4;Акконд карамель Рози Блюз Кола;;;пропущен: только баннеры WB/Ozon с текстом, чистого фото вкуса Кола нет
Акконд вес. карамель Эвкалипт-Имбирь 1/5;Акконд карамель Эвкалипт Имбирь;;;пропущен: все источники - баннеры с текстом, чистого фото упаковки нет
Акконд крекер вес. АККОНДОВСКИЙ ФИТСИ 1/5;Акконд крекер Аккондовский ФИТСИ;;;пропущен: выдача - промо-флаер Атлет ржаной + любительские фото, чистого фото ФИТСИ нет
"Акконд печ. вес. ТРИО какао с начинкой ""пломбир"" 1/3";Акконд печенье ТРИО какао с начинкой пломбир;https://ir.ozone.ru/s3/multimedia-1-d/7231829125.jpg;https://res.cloudinary.com/dwcghxgwh/image/upload/v1780990345/auto/akkond-trio-kakao-plombir.jpg;привязан
